open_time,open,high,low,close,volume
2026-02-09 00:15:00,70609.99,70653.67,70362.86,70552.56,75.77778
2026-02-09 00:20:00,70552.55,70750.0,70545.49,70727.79,72.06852
2026-02-09 00:25:00,70727.79,70774.4,70450.0,70479.39,101.3242
2026-02-09 00:30:00,70479.4,70611.77,70372.83,70606.79,60.05472
2026-02-09 00:35:00,70606.78,70616.44,70380.0,70418.26,50.0991
2026-02-09 00:40:00,70418.25,70418.25,70138.07,70278.68,108.47725
2026-02-09 00:45:00,70278.67,70491.95,70123.02,70486.01,92.6326
2026-02-09 00:50:00,70486.0,70526.0,70349.57,70401.71,43.23788
2026-02-09 00:55:00,70401.71,70540.81,70400.0,70502.38,49.86347
2026-02-09 01:00:00,70502.37,70662.63,70383.71,70488.61,51.5065
2026-02-09 01:05:00,70488.6,70488.6,70300.01,70460.32,63.5082
2026-02-09 01:10:00,70460.32,70465.25,70356.51,70413.99,54.83641
2026-02-09 01:15:00,70414.0,70617.32,70288.13,70602.57,60.75817
2026-02-09 01:20:00,70602.58,70923.99,70579.05,70894.08,109.82962
2026-02-09 01:25:00,70894.08,70926.4,70687.3,70715.97,59.77355
2026-02-09 01:30:00,70715.97,70794.67,70688.49,70714.69,127.60078
2026-02-09 01:35:00,70714.01,70718.81,70448.62,70486.05,54.22034
2026-02-09 01:40:00,70486.04,70499.86,70068.18,70250.01,137.38584
2026-02-09 01:45:00,70250.0,70332.0,70077.9,70086.38,162.59426
2026-02-09 01:50:00,70086.38,70502.64,70077.9,70356.0,136.25026
2026-02-09 01:55:00,70356.0,70443.52,70300.0,70369.53,42.56209
2026-02-09 02:00:00,70369.53,70385.56,70220.12,70359.87,55.22265
2026-02-09 02:05:00,70359.86,70507.95,70220.12,70388.01,73.68871
2026-02-09 02:10:00,70388.01,70478.5,70336.27,70342.54,41.81006
2026-02-09 02:15:00,70342.49,70450.18,70281.16,70395.55,49.30701
2026-02-09 02:20:00,70395.55,70495.93,70366.0,70436.91,53.67172
2026-02-09 02:25:00,70436.91,70478.5,70371.58,70460.0,35.65177
2026-02-09 02:30:00,70460.01,70580.48,70443.93,70458.56,72.71848
2026-02-09 02:35:00,70458.56,70720.0,70457.28,70665.71,83.33014
2026-02-09 02:40:00,70665.7,71000.0,70636.76,70875.06,152.61096
2026-02-09 02:45:00,70875.06,70906.12,70733.39,70794.69,97.15089
2026-02-09 02:50:00,70794.68,70794.68,70600.0,70614.43,56.87737
2026-02-09 02:55:00,70614.43,70703.48,70598.11,70629.99,60.79019
2026-02-09 03:00:00,70629.99,70756.11,70614.07,70749.91,50.28559
2026-02-09 03:05:00,70749.9,70859.14,70681.19,70770.01,52.88113
2026-02-09 03:10:00,70770.0,70804.8,70710.39,70761.16,69.80244
2026-02-09 03:15:00,70761.16,70954.7,70761.15,70825.09,119.76861
2026-02-09 03:20:00,70825.1,70880.0,70709.43,70725.8,116.81701
2026-02-09 03:25:00,70725.8,70825.1,70713.58,70821.4,27.29283
2026-02-09 03:30:00,70821.4,71101.59,70821.4,70980.0,142.9523
2026-02-09 03:35:00,70980.0,71093.68,70926.3,71093.68,70.80736
2026-02-09 03:40:00,71093.67,71363.27,70982.27,71134.96,179.45075
2026-02-09 03:45:00,71134.96,71277.12,71040.24,71200.07,121.91096
2026-02-09 03:50:00,71200.07,71376.0,71087.15,71362.15,90.84209
2026-02-09 03:55:00,71362.16,71453.53,71188.05,71307.56,123.07201
2026-02-09 04:00:00,71307.56,71359.37,71144.12,71144.13,133.52481
2026-02-09 04:05:00,71144.12,71184.51,71100.0,71100.0,59.14224
2026-02-09 04:10:00,71100.01,71155.93,71024.0,71035.55,73.18784
2026-02-09 04:15:00,71035.55,71228.0,71030.0,71217.73,59.06891
2026-02-09 04:20:00,71217.72,71282.25,71178.0,71224.0,46.7686
2026-02-09 04:25:00,71224.0,71272.0,71202.0,71251.26,32.16757
2026-02-09 04:30:00,71251.26,71251.26,71076.0,71091.5,44.49666
2026-02-09 04:35:00,71091.5,71114.0,70954.99,70971.99,58.97406
2026-02-09 04:40:00,70972.0,71057.35,70924.13,71038.61,37.27586
2026-02-09 04:45:00,71038.6,71129.0,71018.4,71042.88,44.05095
2026-02-09 04:50:00,71042.87,71047.06,70957.29,70959.51,37.42934
2026-02-09 04:55:00,70959.51,71073.78,70959.51,71005.01,37.03582
2026-02-09 05:00:00,71005.01,71005.01,70870.01,70870.01,50.45957
2026-02-09 05:05:00,70870.0,70956.56,70843.93,70858.79,63.09625
2026-02-09 05:10:00,70858.8,70938.0,70805.0,70823.5,64.01484
2026-02-09 05:15:00,70823.51,70918.25,70805.0,70822.49,35.52363
2026-02-09 05:20:00,70822.5,70998.72,70822.48,70978.87,36.19387
2026-02-09 05:25:00,70978.86,71046.54,70954.39,71024.0,41.00795
2026-02-09 05:30:00,71024.0,71052.0,70909.73,71022.28,43.00995
2026-02-09 05:35:00,71022.29,71112.0,71017.69,71043.1,37.24587
2026-02-09 05:40:00,71043.09,71053.91,70962.43,70975.24,38.359
2026-02-09 05:45:00,70975.25,70975.25,70849.56,70867.72,46.96983
2026-02-09 05:50:00,70867.72,71031.99,70867.71,71000.72,42.28663
2026-02-09 05:55:00,71000.72,71060.0,70939.67,71044.51,56.21043
2026-02-09 06:00:00,71044.51,71044.52,70750.3,70799.93,69.5313
2026-02-09 06:05:00,70799.93,70893.7,70779.53,70853.62,36.21718
2026-02-09 06:10:00,70853.61,70932.98,70786.43,70895.87,42.33049
2026-02-09 06:15:00,70895.87,70895.87,70461.97,70502.26,153.04595
2026-02-09 06:20:00,70502.26,70544.0,70388.51,70402.61,58.54151
2026-02-09 06:25:00,70402.61,70497.39,70311.7,70420.35,75.11873
2026-02-09 06:30:00,70420.35,70517.35,70379.43,70465.98,45.37069
2026-02-09 06:35:00,70465.98,70590.0,70443.18,70534.34,37.32677
2026-02-09 06:40:00,70534.34,70586.12,70455.94,70550.84,44.69422
2026-02-09 06:45:00,70550.83,70598.19,70514.15,70579.85,43.85679
2026-02-09 06:50:00,70579.86,70664.72,70531.24,70664.72,42.45391
2026-02-09 06:55:00,70664.71,70719.49,70609.35,70667.95,48.81566
2026-02-09 07:00:00,70667.96,70667.96,70528.0,70615.25,51.21919
2026-02-09 07:05:00,70615.25,70704.42,70462.15,70657.44,48.14059
2026-02-09 07:10:00,70657.44,70830.38,70657.44,70796.84,60.95712
2026-02-09 07:15:00,70796.83,70855.31,70700.0,70823.01,54.84342
2026-02-09 07:20:00,70823.0,70902.51,70676.1,70716.01,65.49255
2026-02-09 07:25:00,70716.0,70768.0,70646.89,70722.16,58.1825
2026-02-09 07:30:00,70722.16,70743.91,70576.71,70633.2,91.9121
2026-02-09 07:35:00,70633.21,70667.38,70424.79,70483.12,101.59505
2026-02-09 07:40:00,70483.12,70488.97,70363.79,70432.07,149.39896
2026-02-09 07:45:00,70432.07,70495.0,70331.57,70408.17,118.8372
2026-02-09 07:50:00,70408.17,70519.66,70372.01,70478.56,102.30741
2026-02-09 07:55:00,70478.57,70527.31,70410.99,70422.59,112.91563
2026-02-09 08:00:00,70422.59,70505.94,70329.68,70481.24,84.1313
2026-02-09 08:05:00,70481.24,70573.16,70368.18,70505.35,97.19026
2026-02-09 08:10:00,70505.35,70608.83,70485.19,70532.47,48.82161
2026-02-09 08:15:00,70532.48,70550.58,70342.55,70364.55,66.69296
2026-02-09 08:20:00,70364.55,70423.91,70148.97,70216.0,170.13628
2026-02-09 08:25:00,70216.0,70229.54,70054.12,70087.2,71.48244
2026-02-09 08:30:00,70087.2,70106.0,69393.97,69609.39,604.26806
2026-02-09 08:35:00,69609.38,69861.95,69597.67,69843.93,159.93398
2026-02-09 08:40:00,69843.93,69880.0,69753.56,69807.99,102.91582
2026-02-09 08:45:00,69807.99,69929.13,69786.92,69880.47,52.68094
2026-02-09 08:50:00,69880.46,69900.85,69740.0,69859.62,62.40369
2026-02-09 08:55:00,69859.62,70017.0,69838.33,69873.99,74.49817
2026-02-09 09:00:00,69873.45,70013.74,69870.84,69913.3,72.95288
2026-02-09 09:05:00,69913.29,70116.0,69913.29,70013.55,108.56709
2026-02-09 09:10:00,70013.55,70031.63,69865.56,69866.85,65.63717
2026-02-09 09:15:00,69866.85,69948.19,69718.41,69809.55,90.12383
2026-02-09 09:20:00,69809.56,69933.41,69769.8,69798.69,111.63748
2026-02-09 09:25:00,69798.69,69966.67,69798.69,69895.38,55.13303
2026-02-09 09:30:00,69895.38,69976.66,69742.28,69850.0,40.52958
2026-02-09 09:35:00,69849.99,69904.56,69606.0,69649.37,101.50126
2026-02-09 09:40:00,69649.37,69697.98,69564.8,69691.7,110.38707
2026-02-09 09:45:00,69691.71,69809.97,69638.41,69774.31,145.32312
2026-02-09 09:50:00,69774.31,69774.32,69578.04,69630.36,110.15332
2026-02-09 09:55:00,69630.36,69630.37,69478.63,69630.35,100.31836
2026-02-09 10:00:00,69630.35,69667.38,69457.99,69462.99,189.88405
2026-02-09 10:05:00,69462.99,69640.42,69364.0,69629.03,114.90305
2026-02-09 10:10:00,69629.03,69730.38,69540.0,69540.01,88.47492
2026-02-09 10:15:00,69540.0,69557.63,69151.4,69229.14,195.9523
2026-02-09 10:20:00,69229.15,69306.31,69047.47,69053.49,160.61012
2026-02-09 10:25:00,69053.49,69136.4,68982.76,69038.84,150.82583
2026-02-09 10:30:00,69038.84,69040.7,68670.58,68722.0,208.3959
2026-02-09 10:35:00,68721.99,68871.98,68571.0,68697.7,253.29915
2026-02-09 10:40:00,68697.69,68772.0,68420.58,68622.43,281.99241
2026-02-09 10:45:00,68622.43,68757.88,68439.0,68450.87,176.08375
2026-02-09 10:50:00,68450.87,68799.0,68450.87,68762.18,146.41248
2026-02-09 10:55:00,68762.18,68850.0,68714.99,68727.88,85.86179
2026-02-09 11:00:00,68727.88,68980.76,68727.88,68916.44,211.6544
2026-02-09 11:05:00,68916.44,68938.0,68772.26,68851.0,87.5398
2026-02-09 11:10:00,68850.99,68851.0,68602.0,68614.44,84.84334
2026-02-09 11:15:00,68614.44,68790.52,68573.31,68697.17,83.46386
2026-02-09 11:20:00,68697.16,68866.23,68656.96,68819.56,66.37195
2026-02-09 11:25:00,68819.55,68952.15,68818.02,68866.09,83.42578
2026-02-09 11:30:00,68866.1,69022.89,68770.75,68809.53,86.29062
2026-02-09 11:35:00,68809.53,68969.63,68804.7,68909.1,63.68945
2026-02-09 11:40:00,68909.1,68995.24,68865.38,68914.94,62.15117
2026-02-09 11:45:00,68914.94,68986.97,68769.77,68831.51,161.38847
2026-02-09 11:50:00,68831.51,68894.96,68668.79,68863.27,298.65535
2026-02-09 11:55:00,68863.27,68928.72,68842.08,68928.72,59.30802
2026-02-09 12:00:00,68928.71,69100.0,68857.97,69071.85,119.65793
2026-02-09 12:05:00,69071.85,69197.44,69023.09,69174.65,113.23402
2026-02-09 12:10:00,69174.65,69262.91,69116.8,69182.59,99.27714
2026-02-09 12:15:00,69182.59,69182.59,69040.09,69128.01,81.52108
2026-02-09 12:20:00,69128.0,69128.02,69061.55,69078.05,59.61371
2026-02-09 12:25:00,69078.05,69100.0,68982.9,69042.5,101.12511
2026-02-09 12:30:00,69042.51,69042.52,68939.39,69018.96,79.4753
2026-02-09 12:35:00,69018.97,69172.24,69018.97,69114.06,83.01409
2026-02-09 12:40:00,69114.0,69236.65,69112.07,69151.5,75.21326
2026-02-09 12:45:00,69151.5,69192.0,69088.66,69088.66,73.35285
2026-02-09 12:50:00,69088.66,69118.76,69021.0,69037.01,63.66065
2026-02-09 12:55:00,69037.01,69153.58,69006.02,69147.01,60.30373
2026-02-09 13:00:00,69147.02,69176.48,69001.5,69001.59,85.66857
2026-02-09 13:05:00,69001.6,69122.51,68946.06,69075.86,63.20724
2026-02-09 13:10:00,69075.86,69299.99,69057.41,69250.6,113.82065
2026-02-09 13:15:00,69250.6,69251.73,69006.48,69148.8,69.46354
2026-02-09 13:20:00,69148.79,69266.24,69133.45,69246.92,44.40615
2026-02-09 13:25:00,69246.93,69289.06,69164.94,69270.0,47.14037
2026-02-09 13:30:00,69271.36,69271.36,69092.81,69100.88,59.4997
2026-02-09 13:35:00,69100.88,69184.48,69046.5,69184.48,55.60599
2026-02-09 13:40:00,69184.47,69199.23,69051.05,69074.59,77.09541
2026-02-09 13:45:00,69074.58,69157.13,68950.92,68969.62,90.42583
2026-02-09 13:50:00,68969.62,69014.11,68780.0,68806.51,129.0581
2026-02-09 13:55:00,68806.51,68806.51,68586.48,68594.57,194.46681
2026-02-09 14:00:00,68594.56,68831.56,68575.0,68718.75,110.46735
2026-02-09 14:05:00,68718.76,68789.05,68372.0,68521.27,222.97772
2026-02-09 14:10:00,68521.27,68620.63,68308.0,68608.87,131.29811
2026-02-09 14:15:00,68608.86,68697.13,68400.92,68568.0,183.20548
2026-02-09 14:20:00,68569.18,68826.77,68503.53,68750.5,165.06391
2026-02-09 14:25:00,68750.5,69050.68,68750.5,68994.7,212.38215
2026-02-09 14:30:00,68994.71,69044.0,68655.42,68738.19,277.15075
2026-02-09 14:35:00,68738.19,69378.0,68500.0,69349.99,358.10447
2026-02-09 14:40:00,69350.0,69755.59,69176.47,69176.47,321.72472
2026-02-09 14:45:00,69176.48,69382.21,68959.31,69322.8,226.32367
2026-02-09 14:50:00,69322.81,69450.0,69184.01,69357.46,160.05257
2026-02-09 14:55:00,69360.97,69448.52,69151.4,69272.0,147.49759
2026-02-09 15:00:00,69271.99,69700.0,69271.0,69700.0,222.3455
2026-02-09 15:05:00,69699.99,69884.82,69558.01,69612.8,505.73362
2026-02-09 15:10:00,69612.81,69625.44,69413.85,69483.18,140.2981
2026-02-09 15:15:00,69483.18,69670.09,69272.86,69390.79,165.84096
2026-02-09 15:20:00,69390.8,69418.79,68982.9,68986.07,152.55597
2026-02-09 15:25:00,68986.07,69026.48,68780.0,68921.04,308.2928
2026-02-09 15:30:00,68921.05,69140.34,68850.0,69031.39,132.75613
2026-02-09 15:35:00,69031.39,69534.31,69031.39,69429.39,218.03594
2026-02-09 15:40:00,69426.48,69653.23,69406.7,69542.29,139.39105
2026-02-09 15:45:00,69542.29,69629.43,69298.0,69439.76,104.84979
2026-02-09 15:50:00,69439.77,69488.46,69172.41,69483.58,112.72005
2026-02-09 15:55:00,69483.59,69619.39,69462.91,69563.37,105.41225
2026-02-09 16:00:00,69563.37,69720.0,69380.82,69477.51,134.34051
2026-02-09 16:05:00,69477.5,69508.0,69135.48,69215.44,125.84043
2026-02-09 16:10:00,69215.43,69329.35,69100.0,69205.01,70.26555
2026-02-09 16:15:00,69205.01,69418.46,69160.04,69251.12,83.58952
2026-02-09 16:20:00,69251.13,69483.48,69234.0,69472.45,78.63096
2026-02-09 16:25:00,69472.44,69628.0,69375.99,69604.0,59.23271
2026-02-09 16:30:00,69603.84,69710.7,69402.0,69438.81,80.706
2026-02-09 16:35:00,69438.8,69537.95,69332.04,69451.03,88.58103
2026-02-09 16:40:00,69451.04,70029.8,69451.04,69942.02,241.83232
2026-02-09 16:45:00,69942.01,70428.48,69935.34,70120.81,541.96077
2026-02-09 16:50:00,70120.81,70213.48,69935.33,70073.28,131.29836
2026-02-09 16:55:00,70073.28,70217.47,70054.9,70093.01,98.49596
2026-02-09 17:00:00,70093.0,70342.5,70067.05,70258.98,108.56691
2026-02-09 17:05:00,70258.97,70258.98,69982.03,70061.73,104.51435
2026-02-09 17:10:00,70061.73,70154.34,69870.65,69926.39,103.82644
2026-02-09 17:15:00,69926.4,70215.68,69926.39,70121.49,83.87476
2026-02-09 17:20:00,70121.48,70121.48,69934.63,69985.28,120.55608
2026-02-09 17:25:00,69985.29,70060.0,69880.01,70049.31,107.04274
2026-02-09 17:30:00,70049.32,70333.33,69985.38,70162.14,130.63796
2026-02-09 17:35:00,70162.13,70609.61,70140.0,70548.79,407.73093
2026-02-09 17:40:00,70548.79,71000.0,70507.66,70853.59,460.72029
2026-02-09 17:45:00,70853.6,70938.14,70600.0,70783.55,156.92111
2026-02-09 17:50:00,70783.55,70900.0,70667.31,70710.03,182.1496
2026-02-09 17:55:00,70710.04,70800.0,70588.47,70612.29,239.89051
2026-02-09 18:00:00,70612.29,71012.0,70521.1,70825.01,224.81795
2026-02-09 18:05:00,70825.01,70916.29,70553.49,70635.29,161.94047
2026-02-09 18:10:00,70635.3,70646.03,70483.64,70540.86,142.84209
2026-02-09 18:15:00,70540.86,70590.0,70355.05,70507.05,150.86002
2026-02-09 18:20:00,70507.05,70590.0,70150.01,70283.81,179.44908
2026-02-09 18:25:00,70283.8,70313.62,70088.88,70284.03,105.99012
2026-02-09 18:30:00,70284.03,70489.34,70142.84,70436.73,113.29775
2026-02-09 18:35:00,70436.73,70503.86,70297.84,70366.45,87.76912
2026-02-09 18:40:00,70366.44,70463.46,70259.4,70437.75,57.35881
2026-02-09 18:45:00,70437.74,70546.8,70328.0,70380.95,62.31241
2026-02-09 18:50:00,70380.95,70480.98,70273.71,70298.96,68.83639
2026-02-09 18:55:00,70298.97,70418.68,70259.39,70418.68,64.15899
2026-02-09 19:00:00,70418.67,70522.0,70260.0,70465.18,57.74741
2026-02-09 19:05:00,70465.18,70495.56,70374.05,70484.75,54.81888
2026-02-09 19:10:00,70484.75,70530.46,70387.17,70484.79,47.56054
2026-02-09 19:15:00,70484.79,70623.86,70454.82,70552.33,66.15619
2026-02-09 19:20:00,70552.34,70627.0,70457.97,70627.0,63.43367
2026-02-09 19:25:00,70627.0,70700.0,70587.07,70676.47,81.90853
2026-02-09 19:30:00,70676.47,70869.94,70635.51,70764.0,76.44962
2026-02-09 19:35:00,70764.01,70925.0,70758.0,70922.29,53.78325
2026-02-09 19:40:00,70922.29,70961.9,70852.14,70928.68,59.90371
2026-02-09 19:45:00,70928.68,70983.03,70786.82,70953.99,78.48776
2026-02-09 19:50:00,70953.99,71058.67,70863.29,70959.75,166.15539
2026-02-09 19:55:00,70959.76,71075.31,70864.03,70957.01,71.95953
2026-02-09 20:00:00,70957.01,70963.26,70709.21,70833.43,110.85482
2026-02-09 20:05:00,70833.43,71126.0,70807.74,71060.57,112.91411
2026-02-09 20:10:00,71060.57,71078.96,70955.0,70987.99,61.17672
2026-02-09 20:15:00,70987.99,70999.99,70598.1,70673.76,76.74725
2026-02-09 20:20:00,70673.76,70749.99,70521.1,70682.7,59.52533
2026-02-09 20:25:00,70682.71,70682.71,70500.37,70550.15,118.93029
2026-02-09 20:30:00,70550.15,70691.78,70500.0,70604.02,123.12096
2026-02-09 20:35:00,70604.02,70803.65,70548.01,70769.43,47.00897
2026-02-09 20:40:00,70769.42,70834.25,70690.87,70832.0,50.73828
2026-02-09 20:45:00,70832.0,70865.67,70694.48,70802.0,65.97901
2026-02-09 20:50:00,70802.0,70812.0,70703.17,70778.02,47.96162
2026-02-09 20:55:00,70778.02,70871.59,70694.0,70738.71,73.97878
2026-02-09 21:00:00,70738.71,70807.75,70600.0,70614.5,51.05843
2026-02-09 21:05:00,70614.49,70624.39,70392.0,70465.0,60.36946
2026-02-09 21:10:00,70465.0,70479.5,70391.4,70412.02,67.60937
2026-02-09 21:15:00,70412.03,70463.75,70292.32,70352.86,78.77727
2026-02-09 21:20:00,70352.86,70502.71,70318.96,70479.2,72.99073
2026-02-09 21:25:00,70479.2,70479.2,70313.34,70318.51,80.33962
2026-02-09 21:30:00,70318.51,70363.48,69942.56,70001.64,177.75713
2026-02-09 21:35:00,70001.63,70112.55,69888.01,69987.79,113.57626
2026-02-09 21:40:00,69987.8,70070.4,69955.17,70011.42,63.1678
2026-02-09 21:45:00,70011.43,70099.77,69823.52,70049.7,119.23974
2026-02-09 21:50:00,70049.71,70500.0,70049.71,70489.43,141.81457
2026-02-09 21:55:00,70489.43,70489.43,70329.98,70400.0,76.13163
2026-02-09 22:00:00,70400.01,70455.27,70271.13,70348.93,79.17184
2026-02-09 22:05:00,70348.94,70411.29,70290.44,70400.0,48.958
2026-02-09 22:10:00,70399.99,70719.7,70399.99,70645.28,100.02514
2026-02-09 22:15:00,70645.27,70645.27,70483.33,70484.44,56.86258
2026-02-09 22:20:00,70484.44,70501.1,70369.35,70433.14,47.42742
2026-02-09 22:25:00,70433.14,70536.64,70433.13,70442.52,39.39098
2026-02-09 22:30:00,70442.52,70493.43,70411.56,70444.66,33.5673
2026-02-09 22:35:00,70444.66,70485.28,70388.48,70454.23,27.98155
2026-02-09 22:40:00,70454.23,70555.0,70424.78,70513.55,27.30301
2026-02-09 22:45:00,70513.56,70602.45,70420.0,70476.84,20.70835
2026-02-09 22:50:00,70476.84,70476.84,70346.22,70358.85,13.70838
2026-02-09 22:55:00,70358.85,70417.81,70340.9,70372.96,35.84526
2026-02-09 23:00:00,70372.96,70468.79,70322.42,70439.07,32.75215
2026-02-09 23:05:00,70439.07,70572.84,70439.06,70550.13,33.35173
2026-02-09 23:10:00,70550.12,70550.13,70334.0,70442.67,30.83352
2026-02-09 23:15:00,70442.68,70500.0,70396.0,70451.43,35.44291
2026-02-09 23:20:00,70451.44,70481.93,70306.21,70330.0,40.46616
2026-02-09 23:25:00,70330.0,70336.99,70265.4,70287.55,42.02863
2026-02-09 23:30:00,70287.56,70337.25,70260.26,70328.0,25.48798
2026-02-09 23:35:00,70327.99,70350.0,70306.55,70350.0,19.52443
2026-02-09 23:40:00,70350.0,70441.02,70349.99,70391.49,33.20952
2026-02-09 23:45:00,70391.5,70394.68,70204.74,70204.75,39.18401
2026-02-09 23:50:00,70204.75,70217.3,70083.45,70169.33,48.06997
2026-02-09 23:55:00,70169.33,70176.39,70107.84,70138.0,25.85062
2026-02-10 00:00:00,70138.0,70255.36,70100.0,70100.0,29.66651
2026-02-10 00:05:00,70100.0,70141.99,69982.5,70005.94,68.68011
2026-02-10 00:10:00,70005.93,70184.8,69978.1,70184.8,40.79892
2026-02-10 00:15:00,70184.79,70200.0,70046.86,70050.16,31.50632
2026-02-10 00:20:00,70050.16,70068.15,69885.81,69900.85,103.02111
2026-02-10 00:25:00,69900.85,69995.54,69881.57,69987.99,27.92849
2026-02-10 00:30:00,69987.99,70112.0,69957.69,70078.16,27.25159
2026-02-10 00:35:00,70078.17,70078.17,69934.6,69984.92,34.42941
2026-02-10 00:40:00,69984.91,69984.91,69759.0,69784.23,103.15022
2026-02-10 00:45:00,69784.22,69872.25,69743.8,69757.99,39.02168
2026-02-10 00:50:00,69757.99,69910.52,69757.98,69836.23,27.58818
2026-02-10 00:55:00,69836.23,69899.77,69805.48,69827.33,36.09424
2026-02-10 01:00:00,69827.34,70051.29,69827.34,69967.73,41.77235
2026-02-10 01:05:00,69967.73,70127.78,69880.65,70111.42,54.46919
2026-02-10 01:10:00,70111.43,70151.49,70038.92,70115.99,34.438
2026-02-10 01:15:00,70115.99,70210.35,70061.77,70181.08,69.72321
2026-02-10 01:20:00,70181.09,70302.16,70178.73,70238.98,66.88905
2026-02-10 01:25:00,70238.97,70463.34,70234.21,70366.01,42.15849
2026-02-10 01:30:00,70366.0,70461.93,70247.94,70425.41,35.13117
2026-02-10 01:35:00,70424.67,70527.59,70292.25,70440.07,35.62186
2026-02-10 01:40:00,70440.07,70465.61,70379.02,70465.6,25.86006
2026-02-10 01:45:00,70465.61,70489.82,70382.79,70399.98,30.26019
2026-02-10 01:50:00,70398.79,70450.0,70277.16,70394.73,61.79816
2026-02-10 01:55:00,70394.72,70489.19,70353.56,70486.82,46.565
2026-02-10 02:00:00,70486.82,70486.82,70348.01,70361.56,22.36752
2026-02-10 02:05:00,70361.56,70430.14,70301.0,70305.16,45.20568
2026-02-10 02:10:00,70305.16,70372.82,70283.62,70355.14,42.48078
2026-02-10 02:15:00,70355.15,70452.83,70246.18,70299.95,59.03831
2026-02-10 02:20:00,70299.94,70379.76,70297.97,70362.3,18.97602
2026-02-10 02:25:00,70362.31,70366.14,70246.19,70248.51,18.73832
2026-02-10 02:30:00,70248.52,70299.44,70209.06,70250.29,31.38709
2026-02-10 02:35:00,70250.29,70250.29,70088.0,70093.8,59.99826
2026-02-10 02:40:00,70093.8,70136.64,70050.0,70051.69,28.11067
2026-02-10 02:45:00,70051.68,70191.63,69982.27,70130.83,63.56042
2026-02-10 02:50:00,70130.83,70184.8,70099.28,70103.83,23.53953
2026-02-10 02:55:00,70103.84,70133.03,70040.0,70102.89,30.60447
2026-02-10 03:00:00,70102.9,70166.22,70000.01,70000.02,28.79244
2026-02-10 03:05:00,70000.02,70005.73,69760.0,69808.81,78.64471
2026-02-10 03:10:00,69808.82,69888.0,69782.21,69844.0,40.46251
2026-02-10 03:15:00,69844.01,69907.93,69555.0,69569.62,100.32444
2026-02-10 03:20:00,69569.62,69710.7,69569.62,69658.64,143.26592
2026-02-10 03:25:00,69658.65,69727.45,69487.17,69543.94,117.52974
2026-02-10 03:30:00,69542.55,69542.55,69208.61,69426.78,143.98819
2026-02-10 03:35:00,69426.78,69465.26,69298.86,69377.28,69.61119
2026-02-10 03:40:00,69377.28,69388.01,69309.0,69378.34,45.56207
2026-02-10 03:45:00,69378.34,69512.37,69353.2,69501.49,49.38309
2026-02-10 03:50:00,69501.48,69593.04,69495.21,69553.29,40.89503
2026-02-10 03:55:00,69553.28,69600.0,69476.16,69511.83,53.33782
2026-02-10 04:00:00,69511.83,69614.63,69469.58,69614.63,54.94491
2026-02-10 04:05:00,69614.63,69747.36,69614.63,69739.54,38.58802
2026-02-10 04:10:00,69739.54,69863.81,69698.83,69792.98,98.8439
2026-02-10 04:15:00,69792.97,69812.0,69654.87,69685.99,27.03033
2026-02-10 04:20:00,69686.0,69771.5,69664.39,69664.39,28.56854
2026-02-10 04:25:00,69664.39,69823.67,69611.94,69823.66,54.88637
2026-02-10 04:30:00,69823.66,69823.66,69727.39,69771.49,22.07187
2026-02-10 04:35:00,69771.49,69868.74,69756.24,69775.23,28.96479
2026-02-10 04:40:00,69775.23,69775.23,69621.67,69696.9,33.1854
2026-02-10 04:45:00,69696.89,69783.92,69658.33,69780.7,42.4044
2026-02-10 04:50:00,69780.71,69868.73,69773.7,69858.0,34.80135
2026-02-10 04:55:00,69858.0,69906.5,69831.61,69831.62,25.13793
2026-02-10 05:00:00,69831.62,69864.0,69717.47,69773.25,37.25726
2026-02-10 05:05:00,69772.75,69772.75,69682.01,69734.49,34.06032
2026-02-10 05:10:00,69734.49,69826.76,69679.76,69807.35,32.39876
2026-02-10 05:15:00,69807.35,69807.35,69630.34,69662.8,44.78804
2026-02-10 05:20:00,69662.8,69662.8,69564.8,69609.4,43.93778
2026-02-10 05:25:00,69609.4,69609.4,69483.18,69526.8,38.96538
2026-02-10 05:30:00,69526.8,69581.39,69419.51,69555.37,27.21759
2026-02-10 05:35:00,69555.37,69705.24,69551.29,69609.4,37.89331
2026-02-10 05:40:00,69609.4,69639.71,69291.8,69366.68,78.28866
2026-02-10 05:45:00,69366.69,69406.79,69270.0,69280.09,70.96289
2026-02-10 05:50:00,69280.09,69414.0,69210.76,69407.46,77.48658
2026-02-10 05:55:00,69407.46,69476.0,69336.0,69447.64,42.66784
2026-02-10 06:00:00,69447.63,69499.59,69380.73,69446.12,39.17075
2026-02-10 06:05:00,69446.13,69499.9,69332.62,69378.62,60.54599
2026-02-10 06:10:00,69379.11,69397.04,69315.41,69340.46,41.21797
2026-02-10 06:15:00,69340.45,69367.76,69245.85,69366.22,49.95571
2026-02-10 06:20:00,69366.21,69398.0,69102.8,69159.19,90.94757
2026-02-10 06:25:00,69159.18,69285.47,69082.68,69209.14,63.79168
2026-02-10 06:30:00,69209.15,69285.46,69189.29,69209.72,58.44088
2026-02-10 06:35:00,69209.72,69297.15,69152.14,69165.61,47.56127
2026-02-10 06:40:00,69165.62,69166.0,69000.0,69031.1,232.50637
2026-02-10 06:45:00,69031.1,69058.0,68682.0,68856.19,371.35974
2026-02-10 06:50:00,68856.19,68900.3,68739.1,68794.8,124.08457
2026-02-10 06:55:00,68794.8,68949.34,68768.92,68921.35,61.43792
2026-02-10 07:00:00,68921.36,69172.54,68852.43,69145.51,106.71718
2026-02-10 07:05:00,69145.5,69150.0,68998.39,69001.49,71.8489
2026-02-10 07:10:00,69001.49,69218.64,68994.01,69119.69,99.15984
2026-02-10 07:15:00,69119.69,69119.69,68960.0,69031.17,43.08166
2026-02-10 07:20:00,69031.17,69151.5,69031.16,69075.52,67.37057
2026-02-10 07:25:00,69075.53,69118.9,69013.38,69091.99,36.4697
2026-02-10 07:30:00,69091.99,69142.47,68963.27,68971.61,69.52715
2026-02-10 07:35:00,68971.6,68997.02,68874.35,68944.9,50.2512
2026-02-10 07:40:00,68944.9,68990.09,68927.38,68958.0,48.68866
2026-02-10 07:45:00,68958.01,69053.81,68930.93,68979.79,74.29536
2026-02-10 07:50:00,68979.79,69028.58,68900.25,68944.31,73.41422
2026-02-10 07:55:00,68944.31,68983.0,68897.25,68919.66,96.2907
2026-02-10 08:00:00,68919.66,68983.75,68880.17,68886.85,81.51253
2026-02-10 08:05:00,68886.85,68983.0,68857.14,68965.49,64.01475
2026-02-10 08:10:00,68965.49,68996.69,68827.58,68838.0,62.89882
2026-02-10 08:15:00,68838.0,68838.01,68738.1,68803.89,67.87575
2026-02-10 08:20:00,68803.89,69102.9,68725.81,69095.71,76.65963
2026-02-10 08:25:00,69095.71,69100.0,69018.4,69034.96,52.5656
2026-02-10 08:30:00,69034.96,69137.97,69022.22,69056.17,40.25234
2026-02-10 08:35:00,69056.18,69056.18,68842.86,68991.0,78.47965
2026-02-10 08:40:00,68991.0,69129.0,68935.6,69071.19,51.10769
2026-02-10 08:45:00,69071.19,69173.33,69071.19,69173.32,43.86998
2026-02-10 08:50:00,69173.32,69226.16,69103.88,69206.81,71.22705
2026-02-10 08:55:00,69206.81,69206.82,69076.78,69142.0,39.57114
2026-02-10 09:00:00,69141.99,69360.87,69100.01,69360.87,106.1871
2026-02-10 09:05:00,69360.87,69363.34,69247.3,69325.66,108.76024
2026-02-10 09:10:00,69325.67,69341.21,69230.34,69263.6,58.43066
2026-02-10 09:15:00,69263.59,69365.65,69254.16,69365.64,76.20033
2026-02-10 09:20:00,69365.65,69406.8,69235.45,69406.79,84.08101
2026-02-10 09:25:00,69406.8,69417.7,69280.53,69280.54,54.11044
2026-02-10 09:30:00,69280.54,69290.49,69160.0,69168.55,69.76316
2026-02-10 09:35:00,69168.54,69201.46,69125.51,69173.51,46.48262
2026-02-10 09:40:00,69173.5,69204.2,69142.0,69204.2,43.35983
2026-02-10 09:45:00,69204.19,69254.9,69018.51,69018.64,238.77716
2026-02-10 09:50:00,69018.65,69140.65,68950.0,69118.09,99.15617
2026-02-10 09:55:00,69118.09,69184.18,69099.99,69151.5,59.67308
2026-02-10 10:00:00,69151.5,69229.41,69100.0,69134.32,82.14077
2026-02-10 10:05:00,69134.32,69197.88,69092.57,69165.96,53.50455
2026-02-10 10:10:00,69164.87,69164.87,69110.36,69149.92,63.65875
2026-02-10 10:15:00,69149.91,69149.92,69009.57,69043.18,66.26308
2026-02-10 10:20:00,69043.19,69127.34,69025.39,69127.33,60.9787
2026-02-10 10:25:00,69127.33,69258.52,69127.32,69176.09,79.06609
2026-02-10 10:30:00,69176.08,69176.08,69042.11,69055.07,51.04601
2026-02-10 10:35:00,69055.07,69055.07,68960.18,68982.33,46.60455
2026-02-10 10:40:00,68982.33,69026.0,68971.7,68997.79,30.28935
2026-02-10 10:45:00,68997.79,69055.66,68963.92,69015.0,29.64975
2026-02-10 10:50:00,69014.99,69051.88,68989.77,69034.96,67.13864
2026-02-10 10:55:00,69034.96,69046.55,68921.64,68921.68,55.96718
2026-02-10 11:00:00,68921.68,68933.25,68826.01,68889.71,119.11534
2026-02-10 11:05:00,68889.71,68997.23,68843.92,68872.0,53.3506
2026-02-10 11:10:00,68872.0,68928.81,68848.0,68904.68,31.33487
2026-02-10 11:15:00,68904.67,69007.97,68890.33,68987.84,36.90885
2026-02-10 11:20:00,68987.83,68997.58,68925.88,68956.16,117.85626
2026-02-10 11:25:00,68956.16,68981.3,68900.2,68931.12,63.80693
2026-02-10 11:30:00,68931.12,69085.79,68910.0,69065.62,53.10047
2026-02-10 11:35:00,69065.62,69070.0,68978.17,69010.67,33.61647
2026-02-10 11:40:00,69010.68,69010.68,68531.5,68666.41,215.68034
2026-02-10 11:45:00,68666.41,68770.66,68459.89,68720.81,179.83979
2026-02-10 11:50:00,68720.8,68800.0,68524.0,68557.88,116.32419
2026-02-10 11:55:00,68557.87,68647.9,68500.0,68535.01,107.20545
2026-02-10 12:00:00,68535.02,68786.29,68535.01,68704.82,77.31373
2026-02-10 12:05:00,68704.83,68828.92,68628.7,68712.61,82.75526
2026-02-10 12:10:00,68712.6,68762.19,68628.7,68636.48,88.64982
2026-02-10 12:15:00,68636.48,68684.0,68541.21,68564.32,118.65554
2026-02-10 12:20:00,68564.32,68759.9,68564.31,68751.05,63.06065
2026-02-10 12:25:00,68751.05,68784.24,68731.49,68761.34,34.94444
2026-02-10 12:30:00,68761.35,68855.35,68700.0,68700.0,49.46986
2026-02-10 12:35:00,68700.0,68700.0,68621.31,68652.0,39.22402
2026-02-10 12:40:00,68651.99,68676.0,68558.96,68569.8,48.13211
2026-02-10 12:45:00,68569.8,68600.0,68434.0,68551.39,127.11661
2026-02-10 12:50:00,68551.39,68675.6,68551.38,68636.97,45.07099
2026-02-10 12:55:00,68636.97,68688.6,68609.99,68610.12,47.13815
2026-02-10 13:00:00,68610.11,68616.64,68477.85,68487.42,130.2637
2026-02-10 13:05:00,68487.42,68600.0,68370.23,68586.15,128.576
2026-02-10 13:10:00,68586.16,68600.0,68442.0,68587.96,61.80822
2026-02-10 13:15:00,68587.96,68717.94,68531.44,68637.89,64.51422
2026-02-10 13:20:00,68637.89,68769.43,68631.57,68769.43,39.34382
2026-02-10 13:25:00,68769.44,68808.64,68706.0,68734.86,68.97148
2026-02-10 13:30:00,68734.85,69040.6,68700.0,69032.62,162.53327
2026-02-10 13:35:00,69032.62,69063.0,68916.92,68957.99,54.52834
2026-02-10 13:40:00,68957.99,69030.0,68895.73,69029.99,64.91125
2026-02-10 13:45:00,69029.99,69143.6,68954.2,68954.21,123.14054
2026-02-10 13:50:00,68954.21,69012.1,68898.0,68990.01,37.72926
2026-02-10 13:55:00,68990.0,69052.0,68969.13,69027.95,56.12274
2026-02-10 14:00:00,69027.94,69058.86,68880.46,68880.46,56.98886
2026-02-10 14:05:00,68880.46,69099.61,68878.82,69099.61,59.46056
2026-02-10 14:10:00,69099.61,69210.6,69079.35,69133.82,78.9197
2026-02-10 14:15:00,69133.82,69591.2,69133.82,69507.41,365.82094
2026-02-10 14:20:00,69507.42,69507.42,69282.53,69319.3,146.6518
2026-02-10 14:25:00,69319.31,69360.37,69215.91,69225.14,78.58141
2026-02-10 14:30:00,69225.15,69434.31,69005.29,69120.03,163.09506
2026-02-10 14:35:00,69122.42,69186.17,68400.0,68580.86,231.52595
2026-02-10 14:40:00,68584.36,68588.0,67800.0,68229.65,682.59143
2026-02-10 14:45:00,68234.89,68310.25,67920.74,68030.41,193.77566
2026-02-10 14:50:00,68031.36,68433.85,67975.18,68416.41,172.56322
2026-02-10 14:55:00,68416.4,68593.18,68331.56,68460.4,122.77641
2026-02-10 15:00:00,68460.4,68668.5,68300.9,68573.63,152.1792
2026-02-10 15:05:00,68573.64,69165.75,68510.85,68950.06,212.94215
2026-02-10 15:10:00,68950.06,69113.62,68600.0,68656.0,199.82984
2026-02-10 15:15:00,68656.0,68915.27,68549.23,68899.99,105.86938
2026-02-10 15:20:00,68900.0,69183.38,68846.37,68988.2,115.33833
2026-02-10 15:25:00,68988.2,69332.0,68961.16,69224.17,123.82464
2026-02-10 15:30:00,69224.17,69419.99,69182.59,69301.01,127.19226
2026-02-10 15:35:00,69301.01,69519.29,69206.0,69350.0,163.07447
2026-02-10 15:40:00,69350.0,69519.72,69205.89,69286.4,130.20754
2026-02-10 15:45:00,69286.39,69434.51,69126.84,69407.75,114.09405
2026-02-10 15:50:00,69407.74,69407.75,69176.47,69387.44,94.80034
2026-02-10 15:55:00,69387.43,69415.99,69112.14,69293.37,137.03642
2026-02-10 16:00:00,69293.37,69328.0,69060.0,69073.06,104.0611
2026-02-10 16:05:00,69073.05,69171.29,68945.23,69013.19,173.33974
2026-02-10 16:10:00,69013.2,69720.0,69013.19,69679.8,157.91324
2026-02-10 16:15:00,69679.81,69810.35,69485.7,69503.62,279.47834
2026-02-10 16:20:00,69503.99,69530.0,69261.48,69417.22,127.80886
2026-02-10 16:25:00,69417.22,69548.5,69374.0,69425.24,76.04312
2026-02-10 16:30:00,69425.24,69485.8,69271.31,69389.09,76.18808
2026-02-10 16:35:00,69389.09,69672.72,69383.04,69586.56,107.27086
2026-02-10 16:40:00,69586.57,69649.13,69403.91,69487.98,71.27703
2026-02-10 16:45:00,69487.98,69572.95,69366.01,69418.46,78.71208
2026-02-10 16:50:00,69418.47,69454.0,69301.0,69396.91,69.33554
2026-02-10 16:55:00,69396.42,69608.98,69362.09,69517.71,72.65294
2026-02-10 17:00:00,69517.71,69540.05,69309.35,69381.4,69.32046
2026-02-10 17:05:00,69381.4,69453.84,69333.01,69453.83,41.46329
2026-02-10 17:10:00,69453.83,69497.99,69332.38,69393.67,51.24329
2026-02-10 17:15:00,69393.68,69675.67,69350.81,69620.39,84.15097
2026-02-10 17:20:00,69620.39,69750.0,69575.93,69670.0,98.0448
2026-02-10 17:25:00,69669.99,69819.4,69625.55,69671.23,74.1616
2026-02-10 17:30:00,69671.23,69948.0,69628.66,69804.64,153.38705
2026-02-10 17:35:00,69804.64,69925.77,69753.8,69848.41,75.37922
2026-02-10 17:40:00,69848.4,69993.65,69815.61,69882.28,64.89789
2026-02-10 17:45:00,69882.28,69945.99,69828.73,69846.0,60.30558
2026-02-10 17:50:00,69846.0,69925.77,69706.95,69752.03,61.57988
2026-02-10 17:55:00,69752.04,69925.32,69716.5,69925.31,65.85027
2026-02-10 18:00:00,69925.31,69943.44,69745.01,69745.01,63.69565
2026-02-10 18:05:00,69745.01,69761.86,69567.53,69665.09,80.40721
2026-02-10 18:10:00,69665.09,69694.2,69563.53,69584.7,58.12821
2026-02-10 18:15:00,69584.71,69593.57,69488.94,69548.41,46.91799
2026-02-10 18:20:00,69548.41,69562.57,69218.37,69335.34,75.45598
2026-02-10 18:25:00,69335.34,69390.92,68880.0,68903.74,117.01693
2026-02-10 18:30:00,68903.73,69115.61,68775.54,68806.5,106.33198
2026-02-10 18:35:00,68806.5,69082.0,68801.73,68987.2,67.53236
2026-02-10 18:40:00,68987.21,69093.96,68954.98,68993.86,40.36278
2026-02-10 18:45:00,68993.86,69038.54,68604.63,68729.99,115.32527
2026-02-10 18:50:00,68730.0,68870.38,68705.91,68849.11,56.23276
2026-02-10 18:55:00,68849.11,69044.0,68800.0,68894.36,70.32514
2026-02-10 19:00:00,68894.36,68989.81,68690.32,68718.0,214.85369
2026-02-10 19:05:00,68717.99,68903.87,68711.79,68902.0,86.94187
2026-02-10 19:10:00,68902.0,68971.44,68839.84,68909.66,41.489
2026-02-10 19:15:00,68909.66,68950.0,68720.01,68833.55,55.70863
2026-02-10 19:20:00,68833.55,68899.15,68821.71,68865.65,32.76245
2026-02-10 19:25:00,68865.65,68932.0,68737.18,68932.0,49.36092
2026-02-10 19:30:00,68931.99,69068.9,68889.21,68985.99,54.37672
2026-02-10 19:35:00,68985.99,69290.0,68976.34,69226.38,81.60125
2026-02-10 19:40:00,69226.39,69227.7,69141.19,69205.05,29.10835
2026-02-10 19:45:00,69205.05,69303.99,69137.4,69220.01,37.66592
2026-02-10 19:50:00,69220.01,69220.01,69039.8,69060.93,88.55023
2026-02-10 19:55:00,69060.93,69079.47,69001.64,69062.01,33.48203
2026-02-10 20:00:00,69062.0,69136.91,68960.0,68994.36,27.72979
2026-02-10 20:05:00,68994.37,69051.29,68948.7,68967.67,19.10672
2026-02-10 20:10:00,68967.66,68990.15,68738.63,68760.85,36.28219
2026-02-10 20:15:00,68760.86,68888.89,68760.85,68873.4,36.16551
2026-02-10 20:20:00,68873.4,68907.32,68775.56,68775.56,31.30911
2026-02-10 20:25:00,68775.55,68858.01,68712.26,68812.75,53.87959
2026-02-10 20:30:00,68812.75,68956.39,68666.0,68677.99,49.23444
2026-02-10 20:35:00,68678.0,68838.7,68629.47,68829.2,24.36074
2026-02-10 20:40:00,68829.21,68901.62,68810.07,68901.61,28.42225
2026-02-10 20:45:00,68901.61,68973.8,68814.23,68872.22,36.19435
2026-02-10 20:50:00,68872.21,68896.26,68707.97,68836.37,26.72152
2026-02-10 20:55:00,68836.36,68838.7,68716.08,68753.7,56.50006
2026-02-10 21:00:00,68753.69,68982.94,68730.72,68922.24,45.35763
2026-02-10 21:05:00,68922.25,69005.45,68892.0,68913.84,28.8874
2026-02-10 21:10:00,68913.83,68924.0,68829.2,68830.97,20.6506
2026-02-10 21:15:00,68830.97,68922.56,68818.0,68913.39,13.75687
2026-02-10 21:20:00,68913.4,68927.72,68773.86,68799.99,17.18595
2026-02-10 21:25:00,68800.0,68843.37,68651.9,68652.27,35.50617
2026-02-10 21:30:00,68652.28,68652.28,68379.79,68499.01,99.55607
2026-02-10 21:35:00,68499.01,68560.0,68443.4,68481.25,32.14591
2026-02-10 21:40:00,68481.24,68500.99,68362.0,68462.55,35.99446
2026-02-10 21:45:00,68462.55,68592.12,68462.54,68564.0,21.71682
2026-02-10 21:50:00,68563.99,68681.6,68563.99,68670.0,23.87557
2026-02-10 21:55:00,68670.0,68726.5,68612.74,68656.21,28.25419
2026-02-10 22:00:00,68656.22,68773.8,68626.59,68772.68,41.17961
2026-02-10 22:05:00,68772.67,68795.45,68600.0,68610.99,21.42268
2026-02-10 22:10:00,68610.99,68706.2,68610.99,68612.69,19.73706
2026-02-10 22:15:00,68612.69,68700.0,68612.69,68614.96,16.05197
2026-02-10 22:20:00,68614.96,68674.42,68599.99,68642.0,20.63341
2026-02-10 22:25:00,68642.01,68692.63,68566.8,68686.95,35.40547
2026-02-10 22:30:00,68686.94,68760.0,68651.9,68760.0,16.45305
2026-02-10 22:35:00,68760.0,68839.0,68713.9,68838.99,27.84745
2026-02-10 22:40:00,68838.99,68860.4,68665.7,68665.71,20.4886
2026-02-10 22:45:00,68665.71,68738.46,68636.01,68660.05,19.7418
2026-02-10 22:50:00,68660.05,68664.63,68638.65,68640.2,14.77194
2026-02-10 22:55:00,68640.21,68763.41,68640.2,68707.18,35.74909
2026-02-10 23:00:00,68707.18,68763.33,68660.8,68696.8,18.12129
2026-02-10 23:05:00,68696.8,68696.8,68595.53,68626.0,23.65827
2026-02-10 23:10:00,68626.01,68718.0,68626.0,68717.98,14.02588
2026-02-10 23:15:00,68717.95,68717.95,68506.2,68619.05,27.35531
2026-02-10 23:20:00,68619.05,68682.0,68556.87,68593.15,28.53065
2026-02-10 23:25:00,68593.15,68677.11,68590.93,68663.25,12.03063
2026-02-10 23:30:00,68663.25,68697.34,68590.0,68640.04,20.44111
2026-02-10 23:35:00,68640.05,68773.41,68640.04,68734.0,13.49644
2026-02-10 23:40:00,68734.01,68793.12,68686.0,68785.35,12.25539
2026-02-10 23:45:00,68785.35,68848.29,68726.4,68848.29,22.81837
2026-02-10 23:50:00,68848.29,68860.09,68776.21,68826.05,15.40493
2026-02-10 23:55:00,68826.04,68843.06,68804.0,68841.29,14.165
2026-02-11 00:00:00,68841.28,68870.39,68803.02,68823.26,24.28482
2026-02-11 00:05:00,68823.25,68978.88,68814.28,68915.22,35.0194
2026-02-11 00:10:00,68915.22,68915.23,68784.47,68801.85,26.09646
2026-02-11 00:15:00,68801.84,69020.91,68797.58,69019.88,32.86625
2026-02-11 00:20:00,69019.88,69112.0,68971.59,69043.66,47.38402
2026-02-11 00:25:00,69043.66,69242.42,69027.0,69186.76,84.16744
2026-02-11 00:30:00,69186.76,69186.76,69082.36,69127.56,27.52742
2026-02-11 00:35:00,69127.56,69225.63,69098.5,69100.0,16.11238
2026-02-11 00:40:00,69100.01,69120.38,69018.75,69068.81,22.32476
2026-02-11 00:45:00,69068.8,69127.58,69036.06,69117.18,31.26308
2026-02-11 00:50:00,69117.19,69222.38,69103.75,69221.2,28.93622
2026-02-11 00:55:00,69221.21,69244.45,69178.04,69201.14,61.6588
2026-02-11 01:00:00,69201.14,69292.88,69182.0,69278.79,31.92598
2026-02-11 01:05:00,69278.79,69278.8,69121.01,69154.58,25.04502
2026-02-11 01:10:00,69154.59,69234.25,69089.12,69229.38,27.2623
2026-02-11 01:15:00,69229.38,69265.73,69168.0,69175.0,21.16305
2026-02-11 01:20:00,69175.0,69175.0,68980.0,68996.91,27.91376
2026-02-11 01:25:00,68996.92,69017.48,68931.9,68959.72,21.83029
2026-02-11 01:30:00,68959.54,68995.69,68914.73,68961.25,21.75693
2026-02-11 01:35:00,68961.26,69034.7,68939.57,68939.58,26.10878
2026-02-11 01:40:00,68939.58,69115.45,68939.58,69073.8,20.4435
2026-02-11 01:45:00,69073.8,69107.9,69000.84,69038.01,22.42733
2026-02-11 01:50:00,69038.01,69118.81,69023.48,69057.74,17.91547
2026-02-11 01:55:00,69057.74,69066.27,68945.27,68982.0,39.73454
2026-02-11 02:00:00,68982.0,69168.52,68982.0,69085.65,32.09797
2026-02-11 02:05:00,69085.66,69103.21,69024.68,69077.94,14.9603
2026-02-11 02:10:00,69077.94,69120.74,68941.4,68941.41,33.93179
2026-02-11 02:15:00,68941.41,69042.27,68941.41,69018.34,21.94218
2026-02-11 02:20:00,69018.35,69133.03,68994.0,69037.99,28.78368
2026-02-11 02:25:00,69037.99,69106.97,69002.33,69057.2,19.32679
2026-02-11 02:30:00,69057.21,69129.67,69024.12,69094.04,24.89074
2026-02-11 02:35:00,69094.04,69112.65,69026.69,69026.82,30.51883
2026-02-11 02:40:00,69026.83,69036.85,68869.82,68869.82,61.97582
2026-02-11 02:45:00,68869.82,68869.82,68603.4,68627.16,84.65932
2026-02-11 02:50:00,68627.16,68726.5,68627.16,68667.24,21.95867
2026-02-11 02:55:00,68667.23,68707.94,68612.12,68677.33,23.30737
2026-02-11 03:00:00,68677.34,68717.14,68545.0,68606.74,44.67746
2026-02-11 03:05:00,68606.73,68721.22,68574.01,68706.0,27.16424
2026-02-11 03:10:00,68706.0,68751.91,68521.17,68525.94,31.49901
2026-02-11 03:15:00,68525.94,68559.76,68091.06,68099.11,221.50502
2026-02-11 03:20:00,68099.11,68265.1,68011.11,68249.0,123.77494
2026-02-11 03:25:00,68249.01,68406.1,68228.0,68288.19,58.17011
2026-02-11 03:30:00,68288.18,68421.27,68262.0,68333.1,25.39448
2026-02-11 03:35:00,68333.11,68465.09,68330.0,68400.01,53.25499
2026-02-11 03:40:00,68400.01,68559.64,68392.76,68427.63,49.28404
2026-02-11 03:45:00,68427.63,68528.24,68371.24,68396.01,35.15904
2026-02-11 03:50:00,68396.02,68430.42,68272.56,68278.21,42.79457
2026-02-11 03:55:00,68278.21,68319.13,68175.96,68187.99,66.03508
2026-02-11 04:00:00,68188.0,68303.02,68184.77,68271.27,35.1057
2026-02-11 04:05:00,68271.27,68325.0,68175.95,68244.12,50.35928
2026-02-11 04:10:00,68244.11,68260.34,68021.69,68034.0,58.11019
2026-02-11 04:15:00,68034.01,68175.56,68000.0,68150.0,73.22785
2026-02-11 04:20:00,68150.0,68175.56,67685.42,67838.25,278.71651
2026-02-11 04:25:00,67838.25,67913.22,67556.0,67576.63,182.42643
2026-02-11 04:30:00,67576.63,67703.97,67505.36,67572.77,117.00491
2026-02-11 04:35:00,67572.77,67718.0,67432.0,67483.22,172.01248
2026-02-11 04:40:00,67483.23,67552.0,67368.0,67516.13,126.6824
2026-02-11 04:45:00,67516.12,67695.17,67500.0,67606.55,70.19271
2026-02-11 04:50:00,67606.55,67682.04,67385.88,67445.46,63.23334
2026-02-11 04:55:00,67445.46,67622.87,67408.13,67584.46,68.11301
2026-02-11 05:00:00,67584.47,67810.0,67575.0,67722.81,93.73986
2026-02-11 05:05:00,67722.81,67771.03,67700.23,67761.81,42.89239
2026-02-11 05:10:00,67761.8,67786.02,67660.0,67717.8,39.69514
2026-02-11 05:15:00,67717.8,67804.15,67662.3,67665.53,45.96754
2026-02-11 05:20:00,67665.54,67788.21,67644.9,67677.22,61.20374
2026-02-11 05:25:00,67677.21,67703.44,67546.9,67587.43,47.04034
2026-02-11 05:30:00,67587.42,67587.42,67403.37,67413.73,80.49342
2026-02-11 05:35:00,67413.72,67600.0,67397.86,67557.35,79.84259
2026-02-11 05:40:00,67557.36,67574.67,67405.84,67440.35,43.79584
2026-02-11 05:45:00,67440.35,67534.12,67410.18,67524.87,37.59428
2026-02-11 05:50:00,67524.87,67583.47,67459.81,67554.82,51.15728
2026-02-11 05:55:00,67554.82,67559.0,67400.0,67404.28,120.6629
2026-02-11 06:00:00,67404.28,67491.84,67399.99,67455.39,67.6209
2026-02-11 06:05:00,67455.38,67480.64,67111.11,67111.11,191.90032
2026-02-11 06:10:00,67111.11,67184.12,66819.24,66916.36,336.78884
2026-02-11 06:15:00,66916.36,67034.92,66699.15,66891.13,224.13871
2026-02-11 06:20:00,66891.13,67110.86,66800.01,67082.41,141.45631
2026-02-11 06:25:00,67082.4,67171.93,67077.7,67120.96,116.94578
2026-02-11 06:30:00,67120.97,67171.93,66968.02,66985.49,66.65564
2026-02-11 06:35:00,66985.49,67086.67,66980.79,67022.43,55.38945
2026-02-11 06:40:00,67022.42,67041.53,66850.7,66856.01,104.05155
2026-02-11 06:45:00,66856.01,66907.13,66692.49,66734.09,257.88626
2026-02-11 06:50:00,66734.09,66793.79,66557.99,66763.83,218.30097
2026-02-11 06:55:00,66763.83,66850.04,66729.39,66820.32,60.66202
2026-02-11 07:00:00,66819.84,66852.78,66722.5,66796.0,53.83516
2026-02-11 07:05:00,66796.0,66977.11,66748.0,66766.0,205.54777
2026-02-11 07:10:00,66766.0,66782.1,66652.27,66748.13,43.18891
2026-02-11 07:15:00,66748.14,66878.08,66672.33,66846.39,110.23406
2026-02-11 07:20:00,66846.4,66876.72,66724.66,66838.51,73.47923
2026-02-11 07:25:00,66838.51,67019.66,66801.24,67005.98,146.76178
2026-02-11 07:30:00,67005.99,67097.93,66953.61,67074.01,76.09568
2026-02-11 07:35:00,67074.01,67215.23,67074.0,67135.15,132.48355
2026-02-11 07:40:00,67135.15,67168.14,67024.56,67168.14,137.33807
2026-02-11 07:45:00,67168.14,67180.0,67096.0,67096.0,91.67214
2026-02-11 07:50:00,67095.8,67254.6,67090.22,67202.06,118.77934
2026-02-11 07:55:00,67202.06,67202.06,67024.56,67032.72,104.5435
2026-02-11 08:00:00,67032.71,67100.0,67005.3,67036.61,63.53426
2026-02-11 08:05:00,67036.6,67134.42,66865.0,66922.73,114.75706
2026-02-11 08:10:00,66919.66,67032.46,66846.12,66908.09,60.96158
2026-02-11 08:15:00,66908.08,67008.48,66808.55,67002.0,78.93443
2026-02-11 08:20:00,67002.0,67076.7,66980.0,66993.86,98.03703
2026-02-11 08:25:00,66993.86,67032.0,66829.17,66926.17,110.01094
2026-02-11 08:30:00,66926.16,66950.0,66793.93,66943.16,84.56098
2026-02-11 08:35:00,66943.16,67053.07,66920.73,66971.38,58.30045
2026-02-11 08:40:00,66971.39,67038.0,66940.15,67032.6,55.98715
2026-02-11 08:45:00,67032.6,67036.48,66951.68,66951.68,57.50233
2026-02-11 08:50:00,66951.69,67023.0,66917.95,66949.32,51.28753
2026-02-11 08:55:00,66949.31,67012.0,66911.13,66981.07,37.91109
2026-02-11 09:00:00,66981.08,67110.04,66981.08,67024.65,66.21921
2026-02-11 09:05:00,67024.66,67054.24,66825.03,66850.4,93.08341
2026-02-11 09:10:00,66850.39,66930.78,66850.39,66923.72,77.81883
2026-02-11 09:15:00,66923.71,66960.01,66802.22,66825.43,71.61548
2026-02-11 09:20:00,66825.43,66904.0,66800.01,66842.12,51.53604
2026-02-11 09:25:00,66842.12,66978.44,66842.12,66978.43,48.23463
2026-02-11 09:30:00,66978.43,67001.13,66902.83,66925.0,77.07213
2026-02-11 09:35:00,66925.01,66972.53,66860.08,66868.25,20.54699
2026-02-11 09:40:00,66868.25,66900.01,66800.0,66849.58,51.11871
2026-02-11 09:45:00,66849.58,66859.59,66716.02,66748.76,65.35075
2026-02-11 09:50:00,66748.76,66864.42,66748.76,66850.17,51.42586
2026-02-11 09:55:00,66850.17,66872.03,66804.38,66872.03,38.94836
2026-02-11 10:00:00,66872.03,66876.0,66686.0,66712.43,98.40674
2026-02-11 10:05:00,66712.44,66756.21,66648.63,66697.4,121.72833
2026-02-11 10:10:00,66697.39,66833.71,66682.85,66748.76,70.84636
2026-02-11 10:15:00,66748.76,66771.55,66681.37,66704.63,40.0084
2026-02-11 10:20:00,66704.63,66805.2,66671.81,66753.11,39.38661
2026-02-11 10:25:00,66753.11,66891.64,66725.92,66865.55,38.82677
2026-02-11 10:30:00,66865.56,66880.62,66674.0,66674.33,45.9046
2026-02-11 10:35:00,66674.33,66723.93,66565.08,66707.9,97.12558
2026-02-11 10:40:00,66707.9,66768.03,66680.05,66732.73,31.96121
2026-02-11 10:45:00,66732.74,66780.33,66588.65,66611.02,151.61753
2026-02-11 10:50:00,66611.02,66721.48,66403.69,66496.3,339.51415
2026-02-11 10:55:00,66496.3,66595.4,66369.49,66531.99,242.70279
2026-02-11 11:00:00,66531.99,66705.45,66500.84,66704.21,80.31156
2026-02-11 11:05:00,66704.22,66710.69,66613.32,66665.61,38.65907
2026-02-11 11:10:00,66665.61,66721.48,66649.17,66666.67,33.57825
2026-02-11 11:15:00,66666.66,66846.06,66640.0,66843.28,49.2151
2026-02-11 11:20:00,66843.29,67066.65,66843.28,67023.62,92.22961
2026-02-11 11:25:00,67023.62,67110.77,66992.7,66993.06,111.74221
2026-02-11 11:30:00,66993.06,67021.75,66879.62,66956.0,167.09725
2026-02-11 11:35:00,66956.01,67043.75,66950.82,66952.93,96.9997
2026-02-11 11:40:00,66952.94,66952.94,66896.6,66926.9,92.23499
2026-02-11 11:45:00,66926.9,67040.4,66926.89,66989.93,123.70747
2026-02-11 11:50:00,66989.93,67091.15,66989.92,67044.85,95.5884
2026-02-11 11:55:00,67044.85,67053.8,67031.47,67053.03,29.9394
2026-02-11 12:00:00,67053.03,67093.22,66959.67,66961.24,121.18501
2026-02-11 12:05:00,66961.24,67299.18,66961.24,67231.12,263.76993
2026-02-11 12:10:00,67231.12,67231.12,67062.6,67094.16,86.23985
2026-02-11 12:15:00,67094.16,67213.58,67084.75,67178.9,129.43463
2026-02-11 12:20:00,67178.89,67424.24,67178.33,67384.01,167.93616
2026-02-11 12:25:00,67384.01,67392.0,67220.84,67220.85,107.55266
2026-02-11 12:30:00,67220.85,67265.38,67174.19,67230.89,88.85018
2026-02-11 12:35:00,67230.89,67307.0,67156.02,67160.74,68.89104
2026-02-11 12:40:00,67160.74,67160.75,67018.15,67082.74,84.09961
2026-02-11 12:45:00,67082.74,67103.38,67037.92,67093.11,44.60026
2026-02-11 12:50:00,67093.12,67187.31,67020.26,67141.36,57.00226
2026-02-11 12:55:00,67141.36,67174.0,67081.71,67133.5,31.64452
2026-02-11 13:00:00,67133.51,67187.24,67088.24,67096.16,46.59702
2026-02-11 13:05:00,67096.15,67213.29,66962.48,66985.34,59.02224
2026-02-11 13:10:00,66985.34,66985.34,66840.36,66925.14,76.23018
2026-02-11 13:15:00,66925.15,66928.0,66799.58,66829.89,77.9447
2026-02-11 13:20:00,66829.89,67038.67,66820.03,66941.04,61.75371
2026-02-11 13:25:00,66941.05,67033.67,66824.37,67018.77,36.01479
2026-02-11 13:30:00,67022.57,67674.3,66882.13,67527.92,654.75079
2026-02-11 13:35:00,67527.92,67528.87,67250.0,67456.8,298.7213
2026-02-11 13:40:00,67456.81,67456.81,67146.08,67222.51,297.03862
2026-02-11 13:45:00,67222.5,67372.91,67216.36,67260.0,97.23025
2026-02-11 13:50:00,67259.99,67304.0,66914.0,67079.05,127.25294
2026-02-11 13:55:00,67079.04,67565.87,67079.04,67454.49,141.35574
2026-02-11 14:00:00,67454.49,67879.73,67441.55,67879.71,265.59347
2026-02-11 14:05:00,67879.7,68019.84,67704.32,68011.68,193.85339
2026-02-11 14:10:00,68011.67,68834.34,67982.71,68458.52,505.35392
2026-02-11 14:15:00,68458.53,68582.42,68218.12,68299.84,267.53393
2026-02-11 14:20:00,68299.85,68299.85,67932.0,67968.0,287.5762
2026-02-11 14:25:00,67968.0,68100.42,67938.31,68000.0,90.72385
2026-02-11 14:30:00,68000.0,68245.6,67620.92,67680.75,205.2927
2026-02-11 14:35:00,67680.75,67702.24,67188.94,67253.0,247.56416
2026-02-11 14:40:00,67252.99,67355.34,66945.81,67236.43,269.60284
2026-02-11 14:45:00,67236.42,67426.94,66846.0,66909.02,219.84641
2026-02-11 14:50:00,66909.02,67098.6,66760.11,66937.86,225.30459
2026-02-11 14:55:00,66937.86,67051.4,66435.62,66584.6,348.89513
2026-02-11 15:00:00,66584.61,66799.58,66321.1,66428.98,241.76414
2026-02-11 15:05:00,66428.97,66593.42,65859.99,65944.98,593.61294
2026-02-11 15:10:00,65944.0,66352.68,65756.0,66113.25,460.6917
2026-02-11 15:15:00,66113.25,66410.31,65902.0,66215.72,326.34531
2026-02-11 15:20:00,66215.72,66551.92,66096.0,66170.53,194.50956
2026-02-11 15:25:00,66170.53,66366.0,65900.0,66191.99,143.43878
2026-02-11 15:30:00,66191.99,66405.16,66112.54,66347.58,134.27265
2026-02-11 15:35:00,66347.58,66504.18,66240.88,66396.0,121.66479
2026-02-11 15:40:00,66396.01,66817.69,66389.57,66759.82,195.93666
2026-02-11 15:45:00,66759.83,66818.18,66183.26,66185.0,124.06815
2026-02-11 15:50:00,66185.0,66600.0,66062.0,66537.43,190.28449
2026-02-11 15:55:00,66537.43,66692.57,66455.42,66519.73,69.73599
2026-02-11 16:00:00,66519.72,66658.0,66415.09,66558.0,147.18593
2026-02-11 16:05:00,66556.0,66720.84,66514.56,66689.08,100.09748
2026-02-11 16:10:00,66689.09,67250.0,66662.4,67150.26,303.81847
2026-02-11 16:15:00,67150.26,67186.6,66889.68,66993.66,96.50547
2026-02-11 16:20:00,66993.66,67178.0,66850.01,66909.99,102.06054
2026-02-11 16:25:00,66910.0,66993.37,66573.35,66602.71,170.79314
2026-02-11 16:30:00,66602.7,66732.61,66562.0,66628.7,100.93104
2026-02-11 16:35:00,66628.7,66662.0,66159.29,66340.94,144.43677
2026-02-11 16:40:00,66340.94,66453.72,66118.4,66127.5,152.94506
2026-02-11 16:45:00,66127.5,66317.91,65952.0,66034.51,212.51618
2026-02-11 16:50:00,66034.5,66210.22,65980.44,66164.96,98.76742
2026-02-11 16:55:00,66164.96,66214.99,66034.0,66039.09,116.40106
2026-02-11 17:00:00,66039.08,66113.59,65876.0,65990.42,99.47837
2026-02-11 17:05:00,65990.42,66238.0,65984.46,66224.16,102.14953
2026-02-11 17:10:00,66224.15,66349.04,66152.36,66263.59,95.51731
2026-02-11 17:15:00,66263.59,66474.43,66263.59,66372.0,84.36886
2026-02-11 17:20:00,66372.01,66645.83,66372.01,66499.58,115.7265
2026-02-11 17:25:00,66499.58,66740.0,66499.57,66655.4,111.89591
2026-02-11 17:30:00,66655.41,66818.18,66578.01,66758.09,95.77038
2026-02-11 17:35:00,66758.09,66921.12,66734.0,66734.0,111.15138
2026-02-11 17:40:00,66734.0,66790.45,66544.01,66607.22,84.72157
2026-02-11 17:45:00,66607.22,66656.15,66443.21,66647.0,92.88917
2026-02-11 17:50:00,66646.81,66780.0,66590.0,66675.54,53.18711
2026-02-11 17:55:00,66675.54,66689.42,66514.37,66518.26,63.35476
2026-02-11 18:00:00,66518.26,66558.65,66375.0,66375.01,64.58778
2026-02-11 18:05:00,66375.0,66375.01,66212.12,66257.73,65.5371
2026-02-11 18:10:00,66257.73,66479.34,66150.66,66466.0,69.25614
2026-02-11 18:15:00,66466.0,66810.5,66456.0,66773.99,101.91371
2026-02-11 18:20:00,66773.99,66959.06,66671.6,66933.66,93.37108
2026-02-11 18:25:00,66933.65,67083.9,66854.0,66917.96,77.67524
2026-02-11 18:30:00,66917.96,66965.46,66796.11,66864.0,50.26303
2026-02-11 18:35:00,66864.0,67139.09,66843.0,67090.3,71.40931
2026-02-11 18:40:00,67090.31,67200.0,66948.23,67032.43,71.66732
2026-02-11 18:45:00,67032.43,67232.21,67003.3,67232.21,109.61283
2026-02-11 18:50:00,67232.36,67273.73,67084.67,67234.15,99.33159
2026-02-11 18:55:00,67234.16,67305.28,67180.98,67275.34,60.63002
2026-02-11 19:00:00,67275.34,67384.82,67105.79,67368.67,86.65986
2026-02-11 19:05:00,67368.68,67761.35,67247.97,67466.58,288.78448
2026-02-11 19:10:00,67466.58,67689.8,67414.0,67643.0,112.96034
2026-02-11 19:15:00,67643.0,67763.34,67487.63,67507.51,160.61875
2026-02-11 19:20:00,67507.51,67650.0,67419.17,67581.86,41.41526
2026-02-11 19:25:00,67581.87,67623.18,67419.36,67436.32,41.88174
2026-02-11 19:30:00,67436.32,67474.0,67304.28,67474.0,57.38763
2026-02-11 19:35:00,67474.0,67711.08,67437.01,67650.64,58.19769
2026-02-11 19:40:00,67650.63,67860.44,67644.0,67795.22,79.89389
2026-02-11 19:45:00,67795.21,67830.82,67621.05,67643.26,109.09213
2026-02-11 19:50:00,67643.26,67713.9,67534.0,67591.16,112.44906
2026-02-11 19:55:00,67591.16,67627.47,67530.0,67586.67,63.60611
2026-02-11 20:00:00,67586.66,67730.45,67537.8,67627.27,45.13598
2026-02-11 20:05:00,67627.27,67627.27,67431.81,67538.0,85.80367
2026-02-11 20:10:00,67538.0,67662.0,67505.4,67654.34,47.43012
2026-02-11 20:15:00,67654.33,67757.7,67567.79,67585.99,49.01192
2026-02-11 20:20:00,67585.99,67620.79,67432.22,67456.55,37.79427
2026-02-11 20:25:00,67456.56,67472.0,67213.29,67213.3,44.71891
2026-02-11 20:30:00,67213.29,67324.95,67190.0,67323.96,40.3784
2026-02-11 20:35:00,67323.96,67438.0,67280.59,67387.94,29.02447
2026-02-11 20:40:00,67387.93,67424.0,67302.0,67312.3,20.12039
2026-02-11 20:45:00,67312.3,67651.95,67296.9,67634.59,38.92619
2026-02-11 20:50:00,67634.59,67636.0,67501.0,67501.71,22.74792
2026-02-11 20:55:00,67501.7,67643.0,67499.93,67555.98,53.17836
2026-02-11 21:00:00,67555.98,67590.67,67417.04,67505.4,39.01427
2026-02-11 21:05:00,67505.41,67721.52,67505.41,67685.36,41.04852
2026-02-11 21:10:00,67685.37,67763.36,67656.85,67689.5,23.78188
2026-02-11 21:15:00,67689.51,67732.25,67597.62,67683.53,27.21081
2026-02-11 21:20:00,67683.53,68013.6,67582.43,67961.92,395.31854
2026-02-11 21:25:00,67961.53,68278.77,67923.86,68202.84,729.87421
2026-02-11 21:30:00,68202.85,68369.77,67981.46,68109.8,296.08659
2026-02-11 21:35:00,68109.81,68359.75,68109.8,68150.55,90.31753
2026-02-11 21:40:00,68150.0,68184.11,67927.16,67998.02,59.62552
2026-02-11 21:45:00,67998.03,68021.12,67902.56,67918.19,45.54392
2026-02-11 21:50:00,67918.19,67993.99,67900.68,67900.69,25.43379
2026-02-11 21:55:00,67900.69,67928.38,67804.01,67811.17,50.28294
2026-02-11 22:00:00,67810.2,67867.94,67700.42,67777.31,46.02152
2026-02-11 22:05:00,67777.31,67872.68,67770.9,67770.91,27.07848
2026-02-11 22:10:00,67770.91,67775.4,67592.67,67667.93,59.93161
2026-02-11 22:15:00,67667.93,67781.5,67657.0,67657.0,34.03387
2026-02-11 22:20:00,67657.0,67663.2,67537.15,67574.27,56.32806
2026-02-11 22:25:00,67574.27,67582.89,67387.24,67569.57,61.43458
2026-02-11 22:30:00,67569.58,67609.94,67479.64,67545.19,49.70452
2026-02-11 22:35:00,67545.18,67571.16,67401.67,67550.06,52.45453
2026-02-11 22:40:00,67550.06,67696.86,67542.2,67647.55,49.75573
2026-02-11 22:45:00,67647.56,67713.9,67558.18,67660.03,35.45719
2026-02-11 22:50:00,67660.04,67660.04,67408.91,67455.6,41.51467
2026-02-11 22:55:00,67455.6,67519.02,67420.0,67433.14,27.92247
2026-02-11 23:00:00,67433.54,67443.36,67250.0,67414.58,44.04168
2026-02-11 23:05:00,67414.57,67563.77,67361.31,67378.72,40.54601
2026-02-11 23:10:00,67378.71,67409.7,67239.35,67330.55,49.68483
2026-02-11 23:15:00,67330.55,67399.94,67269.9,67273.92,32.62809
2026-02-11 23:20:00,67273.81,67313.25,66901.45,66946.39,234.91045
2026-02-11 23:25:00,66946.39,67097.05,66901.95,67016.62,42.89899
2026-02-11 23:30:00,67016.62,67092.0,66900.01,66900.01,43.41118
2026-02-11 23:35:00,66900.02,67072.0,66787.7,67072.0,55.265
2026-02-11 23:40:00,67072.0,67131.12,66985.68,67083.68,47.68454
2026-02-11 23:45:00,67083.69,67090.0,66911.04,66922.53,20.23534
2026-02-11 23:50:00,66922.54,67032.13,66880.9,67026.03,32.57999
2026-02-11 23:55:00,67026.04,67110.93,66979.8,67082.52,34.11011
2026-02-12 00:00:00,67082.52,67215.42,67055.53,67116.55,72.80944
2026-02-12 00:05:00,67116.55,67350.67,67106.73,67350.47,83.62961
2026-02-12 00:10:00,67350.46,67381.67,67326.0,67365.56,29.03284
2026-02-12 00:15:00,67365.56,67432.01,67338.68,67374.46,36.24192
2026-02-12 00:20:00,67374.46,67407.4,67316.61,67407.4,29.26813
2026-02-12 00:25:00,67407.4,67510.0,67333.33,67392.13,80.46556
2026-02-12 00:30:00,67392.14,67502.59,67392.14,67462.12,35.64472
2026-02-12 00:35:00,67462.13,67700.0,67431.35,67505.41,63.68159
2026-02-12 00:40:00,67505.41,67588.83,67505.41,67584.0,23.70876
2026-02-12 00:45:00,67584.0,67680.0,67500.77,67527.95,31.43797
2026-02-12 00:50:00,67527.96,67554.25,67493.77,67531.89,27.28321
2026-02-12 00:55:00,67531.89,67597.08,67460.74,67460.75,68.55665
2026-02-12 01:00:00,67460.75,67607.44,67460.75,67548.99,45.59391
2026-02-12 01:05:00,67548.98,67607.45,67465.12,67531.14,36.93311
2026-02-12 01:10:00,67531.14,67700.0,67520.67,67699.99,20.28084
2026-02-12 01:15:00,67699.99,67762.74,67618.03,67644.52,63.48459
2026-02-12 01:20:00,67644.52,67648.99,67564.53,67623.92,29.14435
2026-02-12 01:25:00,67623.92,67876.29,67623.91,67809.42,74.02361
2026-02-12 01:30:00,67809.42,67869.04,67765.69,67800.01,27.98375
2026-02-12 01:35:00,67800.01,68047.48,67763.5,67909.99,94.88919
2026-02-12 01:40:00,67909.99,67972.91,67838.5,67859.75,46.92417
2026-02-12 01:45:00,67859.75,67882.98,67672.15,67680.01,43.65593
2026-02-12 01:50:00,67680.0,67725.8,67608.72,67637.74,35.9504
2026-02-12 01:55:00,67637.74,67724.0,67622.0,67699.01,30.39681
2026-02-12 02:00:00,67699.01,67702.0,67556.91,67589.99,39.61595
2026-02-12 02:05:00,67589.99,67800.0,67564.95,67713.81,78.4285
2026-02-12 02:10:00,67713.81,67729.21,67493.5,67498.17,43.54892
2026-02-12 02:15:00,67498.17,67513.24,67418.0,67476.0,31.95167
2026-02-12 02:20:00,67476.0,67578.0,67457.07,67544.63,39.91005
2026-02-12 02:25:00,67544.64,67558.03,67418.01,67532.4,45.3989
2026-02-12 02:30:00,67532.41,67736.01,67482.1,67730.91,75.57359
2026-02-12 02:35:00,67730.92,67756.64,67658.92,67658.92,57.43914
2026-02-12 02:40:00,67658.93,67756.81,67658.93,67740.49,28.40341
2026-02-12 02:45:00,67740.49,67750.1,67655.79,67750.1,28.45792
2026-02-12 02:50:00,67750.1,67753.79,67552.26,67591.53,40.46028
2026-02-12 02:55:00,67591.52,67591.53,67420.72,67439.14,44.97986
2026-02-12 03:00:00,67439.14,67542.31,67359.84,67529.64,40.13735
2026-02-12 03:05:00,67529.64,67547.81,67458.51,67491.78,29.96179
2026-02-12 03:10:00,67491.78,67559.81,67464.0,67491.57,43.54
2026-02-12 03:15:00,67491.58,67524.6,67386.0,67390.92,29.80278
2026-02-12 03:20:00,67390.93,67443.0,67329.95,67386.01,42.36231
2026-02-12 03:25:00,67386.01,67386.02,67306.61,67382.85,41.43218
2026-02-12 03:30:00,67382.84,67472.54,67332.05,67450.59,36.40197
2026-02-12 03:35:00,67450.6,67481.5,67393.88,67481.5,23.26998
2026-02-12 03:40:00,67481.5,67539.28,67450.94,67496.49,24.39779
2026-02-12 03:45:00,67496.5,67554.67,67459.56,67495.17,31.5762
2026-02-12 03:50:00,67495.17,67534.16,67442.28,67520.98,22.09669
2026-02-12 03:55:00,67520.99,67596.0,67496.33,67580.99,50.8021
2026-02-12 04:00:00,67581.0,67624.7,67491.28,67536.01,43.17846
2026-02-12 04:05:00,67536.0,67607.24,67500.2,67590.99,34.01818
2026-02-12 04:10:00,67590.98,67682.69,67568.91,67577.41,61.19863
2026-02-12 04:15:00,67577.41,67591.7,67296.9,67379.99,101.34248
2026-02-12 04:20:00,67379.99,67426.76,67270.59,67298.6,34.42894
2026-02-12 04:25:00,67298.6,67319.36,67200.0,67212.01,38.20323
2026-02-12 04:30:00,67212.0,67243.79,67062.0,67190.01,103.04941
2026-02-12 04:35:00,67190.02,67297.0,67180.21,67275.05,30.41983
2026-02-12 04:40:00,67275.05,67292.69,67192.7,67235.48,35.34646
2026-02-12 04:45:00,67235.47,67280.29,67181.26,67207.92,22.39982
2026-02-12 04:50:00,67207.91,67254.99,67038.76,67083.1,49.40066
2026-02-12 04:55:00,67083.1,67130.67,67000.0,67018.4,35.3928
2026-02-12 05:00:00,67018.4,67179.74,66986.34,67166.62,52.08876
2026-02-12 05:05:00,67166.62,67209.99,67010.84,67015.34,79.96771
2026-02-12 05:10:00,67015.34,67045.53,66766.66,66805.97,81.55052
2026-02-12 05:15:00,66805.98,66873.93,66670.45,66701.46,71.42398
2026-02-12 05:20:00,66701.33,66891.79,66699.04,66884.23,49.05457
2026-02-12 05:25:00,66884.23,66986.0,66826.0,66877.01,46.22392
2026-02-12 05:30:00,66877.0,67115.4,66862.01,67091.06,63.77283
2026-02-12 05:35:00,67091.06,67091.06,66950.0,66990.98,31.16092
2026-02-12 05:40:00,66990.97,67132.32,66990.97,67086.86,80.24976
2026-02-12 05:45:00,67086.86,67135.64,67018.16,67018.16,45.19303
2026-02-12 05:50:00,67018.16,67087.97,67000.0,67059.33,44.84835
2026-02-12 05:55:00,67059.32,67157.25,67059.32,67141.93,38.38941
2026-02-12 06:00:00,67141.92,67171.99,67023.99,67028.21,50.69377
2026-02-12 06:05:00,67028.22,67078.0,67014.0,67078.0,35.38355
2026-02-12 06:10:00,67078.0,67249.99,67067.19,67118.0,44.4569
2026-02-12 06:15:00,67118.0,67222.98,67116.47,67127.6,40.37144
2026-02-12 06:20:00,67127.61,67208.98,67082.69,67206.94,44.03627
2026-02-12 06:25:00,67206.94,67355.93,67206.93,67290.9,163.89337
2026-02-12 06:30:00,67290.9,67350.0,67214.23,67233.99,79.97246
2026-02-12 06:35:00,67234.0,67260.72,67151.11,67253.47,44.27765
2026-02-12 06:40:00,67254.0,67326.84,67195.03,67237.31,101.45522
2026-02-12 06:45:00,67237.32,67303.64,67180.54,67218.43,160.17352
2026-02-12 06:50:00,67218.44,67225.16,67121.46,67133.11,29.37772
2026-02-12 06:55:00,67133.12,67143.41,67085.29,67125.57,36.65763
2026-02-12 07:00:00,67125.57,67156.79,66990.0,67080.99,56.23403
2026-02-12 07:05:00,67081.0,67081.0,66967.54,67007.44,41.54804
2026-02-12 07:10:00,67007.44,67007.44,66935.64,66992.17,48.97717
2026-02-12 07:15:00,66992.17,67089.0,66955.9,67079.94,47.82451
2026-02-12 07:20:00,67079.93,67217.99,67072.14,67217.99,43.63386
2026-02-12 07:25:00,67217.99,67330.0,67217.72,67228.2,82.57254
2026-02-12 07:30:00,67228.21,67248.58,67172.0,67173.56,59.47405
2026-02-12 07:35:00,67173.56,67231.55,67140.0,67215.11,40.6822
2026-02-12 07:40:00,67215.11,67254.48,67130.0,67130.01,44.36346
2026-02-12 07:45:00,67130.01,67173.21,67090.0,67151.99,56.21367
2026-02-12 07:50:00,67152.0,67198.34,67107.06,67110.75,58.74296
2026-02-12 07:55:00,67110.75,67240.46,67110.74,67217.72,27.28322
2026-02-12 08:00:00,67217.71,67300.0,67160.6,67169.77,220.50932
2026-02-12 08:05:00,67169.77,67344.0,67068.52,67299.63,158.77613
2026-02-12 08:10:00,67299.63,67299.64,67201.54,67248.48,57.33155
2026-02-12 08:15:00,67248.41,67248.41,67061.82,67068.37,55.93474
2026-02-12 08:20:00,67068.36,67123.25,67014.2,67083.53,48.95432
2026-02-12 08:25:00,67083.53,67083.54,66891.6,66932.0,49.18272
2026-02-12 08:30:00,66931.99,67016.0,66910.39,66981.02,32.32855
2026-02-12 08:35:00,66981.01,67040.19,66944.55,66986.89,30.21591
2026-02-12 08:40:00,66986.89,67071.23,66973.74,66973.75,44.89957
2026-02-12 08:45:00,66973.75,67038.42,66973.65,67000.0,19.65294
2026-02-12 08:50:00,67000.0,67102.21,66999.99,67102.21,50.13779
2026-02-12 08:55:00,67102.21,67152.84,67085.9,67141.15,15.10284
2026-02-12 09:00:00,67141.15,67141.15,67054.0,67123.8,32.72113
2026-02-12 09:05:00,67123.8,67123.81,67050.0,67072.52,15.71904
2026-02-12 09:10:00,67072.52,67228.0,67064.0,67187.84,48.8602
2026-02-12 09:15:00,67187.83,67268.76,67166.0,67214.66,35.05417
2026-02-12 09:20:00,67214.66,67288.1,67208.93,67277.21,38.75229
2026-02-12 09:25:00,67277.21,67325.57,67235.52,67296.77,44.52944
2026-02-12 09:30:00,67296.77,67471.52,67248.09,67464.08,95.43941
2026-02-12 09:35:00,67464.07,67467.17,67366.52,67374.51,54.08639
2026-02-12 09:40:00,67374.52,67451.36,67364.42,67422.01,32.69799
2026-02-12 09:45:00,67422.01,67466.71,67358.64,67375.72,40.16217
2026-02-12 09:50:00,67375.72,67560.0,67348.81,67508.93,41.08846
2026-02-12 09:55:00,67508.92,67699.1,67493.41,67550.47,164.91287
2026-02-12 10:00:00,67550.46,67620.96,67504.63,67546.54,73.02792
2026-02-12 10:05:00,67546.53,67632.27,67523.08,67539.19,53.28388
2026-02-12 10:10:00,67539.2,67570.55,67469.0,67570.54,43.29593
2026-02-12 10:15:00,67570.54,67570.54,67457.15,67503.02,33.96322
2026-02-12 10:20:00,67503.01,67535.7,67404.02,67424.25,35.3219
2026-02-12 10:25:00,67424.25,67612.02,67424.24,67609.81,27.89346
2026-02-12 10:30:00,67609.81,67850.0,67609.8,67730.27,112.05094
2026-02-12 10:35:00,67730.27,67806.41,67700.86,67738.99,65.27863
2026-02-12 10:40:00,67738.99,67738.99,67632.16,67665.99,57.62895
2026-02-12 10:45:00,67665.98,67911.81,67655.07,67838.54,85.69922
2026-02-12 10:50:00,67838.54,67916.11,67787.43,67904.79,132.9808
2026-02-12 10:55:00,67904.79,68026.6,67850.0,68014.01,122.98204
2026-02-12 11:00:00,68014.0,68117.19,67938.18,68036.8,178.69163
2026-02-12 11:05:00,68036.79,68109.58,67920.11,67942.08,89.94753
2026-02-12 11:10:00,67942.08,67942.09,67740.0,67906.74,187.15738
2026-02-12 11:15:00,67906.75,67999.0,67836.83,67940.66,65.71479
2026-02-12 11:20:00,67940.67,68094.99,67932.85,68090.54,121.84956
2026-02-12 11:25:00,68090.55,68258.09,68027.53,68208.64,186.28663
2026-02-12 11:30:00,68208.64,68208.64,68176.05,68178.5,4.13734
